ax,ay,az,gx,gy,gz
1.44,-0.81,8.32,0.12,-0.09,-0.16
1.37,-1.02,8.08,0.16,-0.06,-0.12
1.33,-1.24,7.87,0.19,-0.01,-0.14
1.16,-0.60,8.58,0.21,0.04,-0.11
1.25,-1.08,8.90,0.20,0.06,-0.12
1.25,-0.20,9.37,0.15,0.05,-0.12
1.05,-0.52,9.38,0.07,0.04,-0.10
1.02,-0.11,9.26,0.03,0.03,-0.08
1.04,-0.27,9.20,-0.00,0.03,-0.05
1.11,-0.67,9.13,-0.01,0.05,-0.03
1.15,-1.10,9.12,-0.02,0.07,-0.03
1.01,-1.25,9.41,-0.03,0.09,-0.05
0.95,-0.59,9.94,-0.02,0.09,-0.03
1.00,-0.89,10.13,-0.01,0.08,-0.01
0.97,-1.09,10.11,0.01,0.07,-0.01
0.76,-1.37,10.26,0.02,0.06,-0.01
0.66,-1.53,10.29,0.04,0.04,-0.03
0.68,-1.35,10.27,0.05,0.03,-0.04
0.72,-1.07,10.27,0.04,0.01,-0.04
0.84,-1.24,10.23,0.03,-0.00,-0.04
0.74,-1.35,10.33,0.03,-0.02,-0.03
0.75,-1.64,10.08,0.04,-0.03,-0.04
0.77,-1.55,9.88,0.04,-0.03,-0.06
0.95,-1.20,9.65,0.02,-0.04,-0.07
1.00,-1.08,9.82,-0.01,-0.04,-0.06
0.96,-1.05,9.54,-0.04,-0.04,-0.07
0.87,-0.67,9.67,-0.06,-0.05,-0.06
0.82,-0.90,9.58,-0.07,-0.05,-0.05
0.85,-0.76,9.45,-0.05,-0.04,-0.04
0.96,-0.48,9.57,-0.04,-0.04,-0.03
0.98,-0.60,9.34,-0.05,-0.04,-0.01
0.79,-0.64,9.38,-0.05,-0.04,0.01
0.73,-1.25,9.39,-0.03,-0.04,0.02
0.82,-1.21,9.57,-0.00,-0.05,0.00
0.89,-1.37,9.53,0.03,-0.05,0.01
0.85,-1.46,9.29,0.07,-0.05,-0.01
0.73,-1.44,9.41,0.09,-0.05,-0.02
0.77,-1.07,9.26,0.10,-0.04,-0.02
0.87,-1.18,9.29,0.08,-0.03,-0.02
0.74,-1.12,9.41,0.04,-0.02,-0.02
0.60,-1.19,9.46,0.01,-0.02,-0.02
0.56,-1.23,9.48,-0.00,-0.02,-0.02
0.61,-1.28,9.51,0.00,-0.02,-0.03
0.63,-1.08,9.39,-0.01,-0.02,-0.03
0.63,-1.30,9.40,-0.03,-0.03,-0.03
0.57,-1.57,9.43,-0.04,-0.03,-0.05
0.72,-1.14,9.34,-0.05,-0.03,-0.06
0.91,-1.59,8.83,-0.05,-0.03,-0.07
0.96,-1.08,8.99,-0.06,-0.02,-0.08
0.84,-1.22,8.93,-0.05,-0.01,-0.07
0.84,-0.89,9.07,-0.04,0.00,-0.07
0.88,-0.62,9.09,-0.05,0.00,-0.05
0.99,-1.17,9.18,-0.06,-0.00,-0.06
0.95,-1.05,9.33,-0.07,-0.01,-0.07
1.05,-1.27,9.16,-0.05,-0.01,-0.08
1.02,-0.99,9.07,-0.00,0.00,-0.09
1.16,-0.93,9.25,0.06,0.02,-0.07
1.31,-0.76,9.58,0.11,0.04,-0.05
1.41,-0.89,9.69,0.12,0.04,-0.04
1.33,-0.98,9.69,0.07,0.04,-0.04
1.53,-0.28,9.77,-0.02,0.05,-0.04
1.83,-0.62,9.29,-0.09,0.06,-0.07
2.01,-0.39,9.64,-0.09,0.07,-0.04
1.81,-1.36,10.00,-0.07,0.08,-0.02
1.76,-0.57,9.71,-0.06,0.08,-0.02
1.49,-0.50,10.32,-0.08,0.08,0.02
1.33,-0.88,10.35,-0.10,0.06,0.02
1.41,-1.25,10.81,-0.10,0.03,0.04
1.31,-1.80,10.72,-0.10,0.00,-0.01
1.25,-1.28,10.60,-0.10,-0.02,0.00
1.28,-1.55,10.20,-0.06,-0.04,-0.01
1.40,-1.05,10.14,-0.01,-0.05,0.00
1.51,-1.53,9.95,0.04,-0.05,0.01
1.44,-1.02,9.82,0.07,-0.04,0.03
1.26,-1.29,9.66,0.08,-0.04,0.04
1.32,-1.44,9.91,0.08,-0.05,0.03
1.58,-1.39,9.92,0.06,-0.04,0.02
1.65,-1.27,9.68,0.04,-0.04,0.01
1.77,-1.08,9.46,0.02,-0.03,0.01
1.60,-1.35,9.66,0.01,-0.01,0.01
1.52,-0.93,9.92,0.02,0.01,0.01
1.52,-1.01,10.29,0.04,0.01,0.03
1.52,-1.01,10.35,0.09,-0.02,0.04
1.56,-1.42,10.07,0.12,-0.04,0.06
1.32,-1.68,9.87,0.13,-0.04,0.04
1.37,-1.20,9.39,0.14,-0.03,0.04
1.38,-1.67,9.46,0.13,-0.02,0.04
1.36,-1.54,9.44,0.11,-0.02,0.02
1.16,-1.64,9.27,0.09,0.00,0.02
0.97,-1.75,9.46,0.09,0.02,0.00
0.96,-1.49,9.40,0.08,0.03,-0.01
0.97,-1.23,9.39,0.07,0.03,-0.01
0.88,-0.87,9.45,0.05,0.03,-0.00
0.66,-1.24,9.45,0.01,0.03,0.00
0.52,-1.42,9.50,-0.02,0.02,-0.01
0.63,-1.89,9.49,-0.02,0.01,-0.03
0.82,-1.79,9.18,-0.01,0.02,-0.06
0.81,-1.47,9.14,0.00,0.03,-0.07
0.72,-1.36,9.12,0.01,0.04,-0.08
0.65,-0.74,9.05,0.02,0.05,-0.07
0.72,-0.33,9.11,0.01,0.06,-0.05
0.86,-0.20,9.07,-0.03,0.08,-0.03
0.77,-0.42,9.24,-0.05,0.09,-0.02
0.65,-0.36,9.31,-0.04,0.10,0.01
0.71,-0.57,9.45,-0.01,0.09,0.03
0.78,-0.96,9.56,0.01,0.09,0.03
0.67,-0.98,9.83,0.02,0.09,0.03
0.49,-1.25,10.07,0.01,0.09,0.03
0.42,-1.21,10.17,0.01,0.09,0.03
0.51,-1.32,10.48,-0.00,0.07,0.02
0.62,-1.05,10.38,0.01,0.05,0.02
0.72,-1.11,10.44,0.02,0.03,0.02
0.73,-1.02,10.58,0.04,0.01,0.01
0.47,-0.72,10.98,0.05,-0.01,0.01
0.31,-0.41,11.38,0.03,-0.05,0.02
0.31,-0.42,11.72,0.01,-0.09,0.03
0.41,-0.03,11.85,-0.01,-0.15,0.05
0.39,-0.46,11.67,-0.03,-0.20,0.08
0.37,-0.87,11.09,-0.04,-0.24,0.09
0.43,-1.36,10.84,-0.02,-0.26,0.08
0.71,-1.25,10.51,-0.01,-0.28,0.06
0.79,-1.14,10.50,0.00,-0.29,0.06
0.78,-0.96,10.33,0.01,-0.31,0.06
0.77,-1.20,10.29,0.03,-0.32,0.06
0.73,-1.19,10.29,0.03,-0.34,0.05
0.92,-1.22,10.30,0.03,-0.36,0.04
0.86,-0.90,10.02,0.03,-0.38,0.04
0.73,-1.18,10.19,0.00,-0.39,0.03
0.77,-1.07,10.07,-0.02,-0.40,0.03
0.82,-1.54,9.88,-0.01,-0.41,0.02
1.04,-1.38,9.73,0.01,-0.41,0.00
1.22,-1.27,9.71,0.03,-0.41,0.00
1.14,-1.20,9.56,0.03,-0.40,-0.01
1.14,-1.03,9.66,0.02,-0.40,-0.01
1.31,-0.98,9.69,0.01,-0.41,-0.01
1.26,-0.78,9.82,0.00,-0.40,-0.00
1.30,-1.03,9.71,-0.00,-0.41,0.00
1.35,-0.93,9.79,-0.02,-0.41,0.00
1.50,-0.68,9.66,-0.04,-0.41,0.01
1.67,-1.23,9.80,-0.03,-0.41,0.01
1.66,-0.88,9.96,-0.03,-0.42,0.00
1.50,-1.60,9.92,0.00,-0.44,0.01
1.52,-1.26,9.91,0.03,-0.45,-0.01
1.64,-1.10,10.08,0.03,-0.46,-0.00
1.93,-1.18,9.91,0.01,-0.46,-0.01
2.02,-1.28,9.85,0.00,-0.47,-0.02
2.00,-1.56,9.93,0.02,-0.47,-0.03
2.05,-1.42,9.87,0.03,-0.49,-0.04
2.15,-1.15,10.03,0.03,-0.50,-0.05
2.23,-1.09,10.26,0.01,-0.52,-0.05
2.17,-1.24,10.44,-0.00,-0.54,-0.06
2.03,-1.35,10.37,0.01,-0.57,-0.06
2.15,-1.49,9.94,0.02,-0.59,-0.07
2.35,-1.29,9.82,0.04,-0.60,-0.07
2.44,-1.40,9.62,0.05,-0.62,-0.09
2.46,-1.04,9.47,0.05,-0.61,-0.10
2.60,-0.85,9.35,0.04,-0.61,-0.09
2.52,-0.65,9.26,0.03,-0.60,-0.08
2.49,-1.13,9.38,0.03,-0.61,-0.07
2.82,-1.12,9.05,0.04,-0.60,-0.09
3.00,-1.26,8.94,0.06,-0.61,-0.09
3.00,-1.04,8.98,0.05,-0.60,-0.11
2.98,-0.93,8.87,0.01,-0.60,-0.11
3.15,-0.83,8.62,-0.01,-0.59,-0.11
3.25,-0.81,8.69,-0.01,-0.58,-0.10
3.35,-0.96,8.66,0.03,-0.56,-0.10
3.32,-0.79,8.68,0.04,-0.54,-0.09
3.43,-0.68,8.82,0.04,-0.53,-0.08
3.55,-0.70,8.84,0.01,-0.53,-0.08
3.60,-0.98,9.03,-0.01,-0.54,-0.09
3.55,-1.08,8.72,-0.01,-0.54,-0.09
3.59,-0.91,8.50,-0.00,-0.53,-0.11
3.71,-0.55,8.35,-0.00,-0.51,-0.09
3.93,-0.42,8.49,-0.01,-0.49,-0.07
4.07,-0.76,8.71,-0.03,-0.48,-0.07
4.03,-1.02,8.61,-0.04,-0.48,-0.07
3.95,-1.07,8.49,-0.03,-0.48,-0.08
3.99,-0.90,8.40,-0.04,-0.48,-0.09
4.12,-0.85,8.38,-0.03,-0.46,-0.09
4.28,-0.61,8.37,-0.01,-0.45,-0.08
4.18,-0.90,8.46,0.01,-0.44,-0.08
4.42,-0.68,8.50,0.01,-0.44,-0.08
4.58,-0.65,8.60,-0.02,-0.44,-0.07
4.77,-0.49,8.42,-0.05,-0.45,-0.06
4.67,-0.90,8.36,-0.06,-0.45,-0.06
4.55,-1.13,8.28,-0.05,-0.44,-0.08
4.55,-1.03,8.43,-0.03,-0.43,-0.07
4.68,-1.05,8.42,-0.02,-0.42,-0.09
4.91,-0.46,8.54,-0.02,-0.42,-0.08
4.83,-0.74,8.47,-0.03,-0.43,-0.07
4.88,-0.57,8.36,-0.04,-0.43,-0.07
4.85,-0.98,8.28,-0.05,-0.44,-0.06
5.02,-1.19,8.15,-0.03,-0.43,-0.08
5.15,-1.04,8.15,-0.01,-0.42,-0.08
5.02,-0.98,8.41,-0.00,-0.41,-0.10
5.07,-0.53,8.40,0.01,-0.41,-0.08
5.17,-0.71,8.48,0.01,-0.42,-0.07
5.43,-0.79,8.23,0.01,-0.42,-0.07
5.39,-1.01,8.46,0.01,-0.42,-0.08
5.31,-1.00,8.56,0.01,-0.43,-0.09
5.25,-0.84,8.66,0.01,-0.43,-0.09
5.33,-0.69,8.65,0.02,-0.45,-0.09
5.50,-0.72,8.37,0.03,-0.45,-0.08
5.60,-0.69,8.54,0.04,-0.46,-0.08
5.72,-1.07,8.55,0.06,-0.47,-0.08
5.66,-1.01,8.57,0.07,-0.48,-0.10
5.52,-0.63,8.32,0.06,-0.49,-0.10
5.77,-0.63,8.17,0.05,-0.49,-0.10
5.93,-0.37,8.07,0.05,-0.50,-0.10
5.93,-0.61,8.18,0.05,-0.51,-0.09
5.89,-0.47,8.25,0.04,-0.52,-0.09
5.96,-0.23,7.91,0.03,-0.53,-0.08
6.07,-0.29,7.91,0.01,-0.54,-0.07
6.18,-0.14,7.63,-0.01,-0.54,-0.05
6.15,-0.55,7.68,-0.02,-0.54,-0.05
6.20,-1.01,7.73,-0.02,-0.55,-0.06
6.28,-0.62,7.71,-0.01,-0.54,-0.06
6.32,-0.69,7.88,0.02,-0.55,-0.06
6.36,-0.18,7.86,0.02,-0.55,-0.06
6.22,-0.19,7.93,-0.01,-0.56,-0.04
6.43,-0.40,8.01,-0.03,-0.57,-0.03
6.58,-0.25,7.79,-0.06,-0.60,-0.03
6.66,-0.57,7.52,-0.08,-0.61,-0.02
6.67,-0.97,7.31,-0.09,-0.61,-0.03
6.56,-1.02,7.13,-0.07,-0.62,-0.05
6.67,-0.91,7.08,-0.02,-0.61,-0.06
6.86,-0.69,6.99,0.02,-0.60,-0.06
6.94,-0.59,6.97,0.03,-0.60,-0.05
6.97,-0.80,6.86,0.02,-0.60,-0.05
6.77,-0.80,6.91,0.02,-0.60,-0.06
7.01,-0.98,6.67,0.02,-0.59,-0.07
7.05,-0.83,6.85,0.04,-0.60,-0.08
7.14,-0.53,6.77,0.04,-0.60,-0.07
6.93,-0.69,6.60,0.03,-0.60,-0.07
7.05,-0.62,6.34,0.02,-0.60,-0.07
7.31,-1.01,6.12,0.02,-0.59,-0.08
7.47,-0.48,5.97,0.03,-0.57,-0.08
7.42,-0.64,5.95,0.04,-0.55,-0.07
7.26,-0.39,6.17,0.03,-0.54,-0.08
7.39,-0.47,6.06,0.02,-0.53,-0.07
7.51,-0.35,6.27,0.00,-0.54,-0.07
7.60,-0.32,6.06,-0.01,-0.53,-0.07
7.66,-0.35,6.06,-0.03,-0.52,-0.06
7.47,-0.11,6.24,-0.04,-0.51,-0.05
7.70,-0.39,6.16,-0.04,-0.52,-0.03
7.75,-0.69,6.12,-0.03,-0.52,-0.04
7.93,-0.63,5.77,-0.04,-0.53,-0.05
7.90,-0.64,5.79,-0.06,-0.52,-0.04
7.94,-0.20,5.58,-0.08,-0.52,-0.06
8.00,-0.55,5.41,-0.10,-0.51,-0.04
8.09,-0.58,5.50,-0.08,-0.49,-0.06
8.19,-0.20,5.53,-0.06,-0.48,-0.04
8.25,-0.67,5.56,-0.06,-0.49,-0.04
8.09,-0.32,5.35,-0.06,-0.49,-0.06
8.18,-0.08,5.26,-0.08,-0.49,-0.03
8.24,-0.64,5.19,-0.09,-0.48,-0.04
8.37,-0.41,5.34,-0.07,-0.47,-0.04
8.36,-0.53,5.26,-0.07,-0.47,-0.03
8.36,-0.74,5.22,-0.07,-0.47,-0.04
8.49,-0.43,5.16,-0.07,-0.47,-0.04
8.54,-0.65,4.95,-0.07,-0.48,-0.04
8.57,-0.74,4.96,-0.04,-0.45,-0.05
8.35,-0.91,4.95,-0.03,-0.47,-0.05
8.43,-0.74,4.83,-0.01,-0.48,-0.09
8.58,-0.83,4.60,-0.02,-0.45,-0.09
8.70,-0.57,4.72,-0.03,-0.44,-0.08
8.62,-0.71,4.57,-0.04,-0.43,-0.10
8.51,-0.61,4.51,-0.05,-0.41,-0.10
8.57,-0.59,3.98,-0.05,-0.41,-0.10
9.01,-1.26,3.77,-0.03,-0.38,-0.10
9.19,-1.00,4.22,-0.01,-0.36,-0.15
9.11,-0.54,4.65,0.00,-0.37,-0.15
8.91,-0.38,4.60,-0.01,-0.37,-0.16
8.81,0.12,4.49,-0.05,-0.37,-0.14
8.89,0.36,4.28,-0.08,-0.36,-0.12
9.05,0.10,4.48,-0.08,-0.35,-0.10
9.07,0.06,4.39,-0.09,-0.35,-0.08
8.86,-0.46,4.64,-0.08,-0.35,-0.08
8.86,0.03,4.41,-0.04,-0.36,-0.08
9.08,-0.11,4.42,-0.02,-0.37,-0.07
9.18,-0.36,4.55,-0.02,-0.38,-0.08
9.32,-0.03,4.32,-0.03,-0.39,-0.07
9.17,-0.25,4.19,-0.05,-0.39,-0.07
9.15,0.06,4.00,-0.06,-0.38,-0.05
9.17,-0.22,4.08,-0.07,-0.37,-0.04
9.16,-0.78,3.89,-0.06,-0.37,-0.06
9.27,-0.44,3.79,-0.04,-0.37,-0.06
9.30,-0.13,4.11,-0.05,-0.38,-0.07
9.29,-0.00,3.99,-0.08,-0.39,-0.05
9.27,-0.31,3.75,-0.09,-0.39,-0.06
9.17,0.08,3.57,-0.07,-0.39,-0.05
9.11,-0.45,3.38,-0.06,-0.40,-0.04
9.27,-0.48,3.04,-0.04,-0.39,-0.04
9.49,-0.14,2.80,-0.03,-0.37,-0.05
9.55,0.31,3.00,-0.04,-0.34,-0.04
9.49,-0.36,2.68,-0.06,-0.33,-0.02
9.60,-0.67,2.80,-0.07,-0.33,-0.01
9.01,-0.33,2.95,-0.03,-0.33,-0.01
9.41,0.29,2.82,0.00,-0.29,-0.07
9.60,-1.44,2.00,0.06,-0.38,-0.04
9.96,-0.67,0.23,0.05,-0.27,-0.05
9.60,-0.79,1.36,0.05,-0.12,-0.06
9.68,-0.48,1.68,0.06,-0.08,-0.08
9.70,0.23,1.88,0.02,-0.05,-0.08
9.78,0.49,2.18,-0.01,-0.03,-0.04
9.60,0.25,2.27,-0.03,0.00,-0.03
9.47,0.15,2.34,-0.05,0.02,-0.02
9.58,0.04,2.52,-0.05,0.04,-0.01
9.68,-0.03,2.96,-0.06,0.06,-0.00
9.69,0.05,3.36,-0.06,0.06,0.01
9.52,-0.10,3.44,-0.07,0.05,0.01
9.46,-0.11,3.46,-0.07,0.04,0.02
9.49,-0.28,3.35,-0.06,0.04,0.02
9.72,-0.31,3.25,-0.04,0.04,0.02
9.73,-0.54,3.43,-0.01,0.02,0.01
9.59,-0.44,3.55,0.01,0.02,-0.00
9.49,-0.19,3.47,0.01,0.01,-0.01
9.52,-0.02,3.27,0.01,0.01,0.00
9.74,-0.09,3.32,0.01,0.01,0.01
9.74,-0.23,3.35,0.01,0.01,0.01
9.64,-0.47,3.18,0.01,0.01,0.00
9.70,-0.09,3.32,0.01,0.01,0.00
9.76,-0.12,3.11,0.00,0.01,0.01
9.67,-0.08,3.36,-0.01,0.01,0.02
9.56,-0.27,3.31,-0.01,0.02,0.02
9.55,-0.48,3.43,0.00,0.01,0.01
9.69,-0.38,3.56,0.01,0.01,0.01
9.84,-0.14,3.31,0.00,0.00,0.00
9.80,-0.14,3.27,-0.00,0.00,0.01
9.61,-0.08,3.25,-0.01,0.01,0.01
9.49,-0.02,3.34,-0.02,0.01,0.03
9.55,-0.28,3.58,-0.02,0.01,0.02
9.70,-0.19,3.44,-0.03,0.01,0.02
9.65,-0.21,3.37,-0.03,0.01,0.03
9.47,-0.24,3.43,-0.03,0.01,0.03
9.37,-0.10,3.73,-0.03,0.00,0.04
9.50,-0.29,3.83,-0.03,-0.01,0.05
9.50,-0.71,3.93,-0.01,-0.01,0.04
9.49,-0.70,4.13,-0.01,-0.03,0.03
9.41,-0.78,4.05,-0.00,-0.05,0.02
9.50,-0.53,3.91,-0.00,-0.05,0.01
9.33,-0.27,4.28,0.01,-0.07,0.01
9.45,-0.63,4.21,0.01,-0.08,0.01
9.47,-0.51,4.42,0.02,-0.10,-0.00
9.34,-0.11,4.65,0.02,-0.13,-0.00
9.29,0.06,4.55,-0.01,-0.16,0.01
9.42,0.10,4.31,-0.04,-0.19,0.03
9.43,-0.58,4.22,-0.03,-0.21,0.03
9.53,-0.42,3.99,-0.01,-0.23,0.02
9.52,-0.52,3.52,-0.00,-0.23,0.02
9.65,-0.42,3.34,-0.00,-0.24,0.01
9.69,0.17,3.32,-0.03,-0.23,0.02
9.60,0.13,3.11,-0.05,-0.22,0.04
9.42,-0.26,2.92,-0.06,-0.22,0.05
9.28,-0.58,2.78,-0.04,-0.22,0.04
9.55,-0.61,2.43,-0.04,-0.21,0.03
9.81,-0.20,1.81,-0.06,-0.20,0.03
9.76,-0.30,1.19,-0.08,-0.15,0.03
9.68,-0.62,0.86,-0.07,-0.09,0.03
9.54,-1.21,1.15,-0.04,-0.03,0.01
9.64,-0.64,1.24,0.00,0.02,-0.00
9.68,-0.35,1.38,0.01,0.06,-0.00
9.51,-0.15,1.50,0.01,0.10,0.00
9.38,-0.33,1.90,0.00,0.13,0.02
9.36,-0.54,2.08,0.02,0.16,0.01
9.48,-0.52,2.17,0.03,0.18,0.01
9.79,-0.44,1.91,0.04,0.20,0.00
9.70,-0.29,2.01,0.03,0.23,-0.01
9.57,0.10,2.07,-0.00,0.26,0.01
9.62,-0.09,2.35,-0.03,0.28,0.03
9.67,-0.34,2.45,-0.04,0.30,0.01
9.63,-0.08,2.44,-0.04,0.31,0.03
9.56,-0.18,2.16,-0.06,0.34,0.03
9.40,0.02,2.30,-0.06,0.36,0.04
9.36,0.14,2.28,-0.05,0.39,0.06
9.43,-0.04,2.61,-0.05,0.41,0.07
9.45,-0.07,2.54,-0.07,0.44,0.08
9.37,-0.67,2.60,-0.08,0.46,0.07
9.34,-0.03,2.80,-0.07,0.48,0.07
9.42,-0.02,2.64,-0.07,0.50,0.09
9.36,-0.30,2.68,-0.08,0.53,0.09
9.27,-0.24,3.00,-0.08,0.55,0.10
9.02,-0.64,3.45,-0.09,0.58,0.10
8.98,-0.47,3.60,-0.08,0.57,0.10
9.08,-0.53,3.72,-0.06,0.57,0.10
8.98,-0.45,3.70,-0.04,0.58,0.10
8.86,-0.45,3.55,-0.03,0.59,0.11
8.93,-0.42,3.79,-0.03,0.61,0.11
8.88,-0.40,4.09,-0.03,0.62,0.13
8.89,-0.26,4.49,-0.05,0.62,0.13
8.93,-0.03,4.57,-0.07,0.62,0.15
8.69,-0.10,4.59,-0.08,0.62,0.17
8.49,-0.64,4.74,-0.08,0.62,0.19
8.64,-1.08,4.85,-0.05,0.61,0.18
8.72,-1.32,4.98,-0.02,0.61,0.16
8.76,-1.01,5.17,-0.00,0.60,0.15
8.47,-0.91,5.35,0.01,0.59,0.15
8.37,-0.96,5.24,0.03,0.59,0.15
8.17,-0.96,5.49,0.05,0.59,0.14
8.42,-1.18,5.68,0.06,0.57,0.14
8.55,-0.93,5.53,0.06,0.55,0.12
8.34,-0.92,5.61,0.05,0.56,0.13
8.20,-0.79,5.66,0.03,0.54,0.12
8.24,-0.62,5.75,0.02,0.54,0.14
8.23,-1.07,5.94,0.03,0.54,0.13
8.21,-1.05,6.33,0.04,0.53,0.12
8.15,-0.94,6.36,0.04,0.50,0.12
8.14,-0.77,6.22,0.02,0.48,0.12
8.01,-0.70,6.28,0.01,0.47,0.13
8.08,-0.66,6.48,-0.00,0.45,0.14
7.85,-0.97,6.69,0.00,0.44,0.14
7.69,-1.10,6.91,0.00,0.42,0.14
7.78,-1.17,6.89,0.02,0.38,0.14
7.90,-1.09,6.59,0.01,0.36,0.13
7.93,-1.24,6.41,0.01,0.36,0.14
7.82,-1.23,6.31,0.01,0.35,0.13
7.74,-1.61,6.52,0.01,0.35,0.12
7.66,-1.40,6.66,0.01,0.33,0.11
7.69,-1.56,6.55,0.02,0.32,0.10
7.64,-1.51,6.22,0.03,0.31,0.08
7.65,-1.21,6.33,0.04,0.32,0.08
7.60,-1.35,6.32,0.02,0.32,0.08
7.67,-1.27,6.39,0.01,0.32,0.07
7.56,-1.23,6.53,0.02,0.32,0.07
7.44,-1.20,6.76,0.03,0.31,0.08
7.30,-1.24,6.89,0.03,0.30,0.08
7.52,-1.20,6.46,0.03,0.30,0.08
7.58,-1.36,6.39,0.02,0.29,0.08
7.54,-1.36,6.27,0.01,0.30,0.07
7.39,-1.52,6.47,0.03,0.31,0.06
7.33,-1.43,6.42,0.03,0.31,0.05
7.26,-1.28,6.56,0.03,0.32,0.04
7.40,-1.08,6.51,0.04,0.32,0.04
7.29,-0.99,6.70,0.04,0.32,0.05
7.25,-0.97,6.85,0.03,0.32,0.06
7.02,-1.18,6.90,0.02,0.31,0.06
7.02,-1.37,6.96,0.02,0.31,0.05
7.15,-1.18,7.02,0.03,0.30,0.04
7.23,-1.33,6.83,0.03,0.30,0.05
7.12,-1.41,6.83,0.03,0.31,0.04
7.04,-1.54,6.77,0.04,0.31,0.04
7.07,-1.30,6.63,0.04,0.32,0.02
7.06,-1.21,7.14,0.03,0.31,0.03
7.00,-1.18,7.21,0.02,0.30,0.02
7.00,-1.30,7.03,-0.00,0.31,0.02
6.84,-1.02,7.19,-0.01,0.31,0.02
6.90,-1.23,7.41,0.00,0.30,0.04
6.88,-1.50,7.50,0.01,0.29,0.01
6.94,-0.96,7.80,0.02,0.26,0.01
6.70,-1.93,7.02,0.04,0.24,0.02
6.83,-1.33,6.92,0.03,0.25,-0.02
6.86,-0.42,7.02,0.00,0.28,0.04
7.07,-1.87,7.04,0.01,0.27,0.01
6.94,-0.88,7.07,0.02,0.28,-0.00
6.52,-1.15,7.75,0.03,0.27,0.02
6.59,-1.00,7.24,0.03,0.27,0.00
6.67,-0.68,7.40,0.03,0.26,0.02
6.73,-1.02,7.04,0.01,0.26,0.02
6.68,-0.76,6.88,0.01,0.28,0.03
6.55,-0.62,7.06,0.02,0.28,0.04
6.45,-0.69,7.22,0.03,0.30,0.06
6.52,-0.61,7.22,0.01,0.30,0.07
6.46,-0.88,7.52,0.01,0.30,0.09
6.46,-1.27,7.41,0.02,0.30,0.08
6.33,-1.19,7.38,0.03,0.30,0.08
6.37,-1.22,7.43,0.01,0.30,0.07
6.34,-1.08,7.52,0.00,0.31,0.07
6.28,-1.16,7.54,0.01,0.31,0.07
6.11,-1.41,7.66,0.02,0.31,0.07
6.13,-1.36,7.80,0.01,0.31,0.06
6.19,-1.28,7.85,0.02,0.30,0.06
6.18,-1.07,7.66,0.02,0.30,0.05
5.94,-1.17,7.88,0.02,0.30,0.06
5.87,-1.15,7.70,0.01,0.30,0.07
5.84,-1.26,8.11,0.01,0.30,0.06
6.03,-1.12,8.03,0.00,0.28,0.06
6.04,-1.50,7.88,-0.00,0.28,0.05
5.83,-1.14,7.97,-0.01,0.27,0.04
5.78,-1.45,7.83,-0.00,0.28,0.05
5.76,-1.32,7.95,-0.00,0.28,0.04
5.78,-1.18,8.02,0.00,0.28,0.05
5.83,-1.62,8.12,0.00,0.27,0.04
5.78,-1.37,7.97,0.00,0.28,0.03
5.54,-1.55,7.93,0.01,0.27,0.03
5.52,-1.49,7.87,0.03,0.28,0.02
5.63,-1.36,7.99,0.05,0.28,0.01
5.69,-1.10,7.86,0.07,0.28,0.01
5.50,-1.18,8.03,0.08,0.28,0.02
5.44,-0.96,7.72,0.06,0.29,0.02
5.45,-0.79,7.73,0.04,0.30,0.04
5.45,-1.31,7.69,0.04,0.31,0.03
5.57,-1.12,7.58,0.03,0.33,0.02
5.41,-1.04,7.83,0.04,0.33,0.03
5.23,-0.95,7.99,0.03,0.34,0.04
5.28,-0.88,8.17,0.02,0.34,0.05
5.27,-0.97,8.13,-0.00,0.34,0.06
5.12,-1.22,8.25,0.00,0.35,0.05
5.11,-1.17,8.17,0.01,0.35,0.06
4.97,-1.58,8.44,0.01,0.34,0.06
5.05,-1.33,8.50,-0.00,0.35,0.04
5.15,-0.96,8.39,-0.01,0.34,0.05
4.87,-1.49,8.61,-0.00,0.35,0.05
4.78,-0.73,8.92,-0.01,0.34,0.06
4.87,-1.49,8.93,0.00,0.32,0.08
4.96,-1.62,8.69,0.01,0.31,0.05
5.04,-1.56,8.58,0.01,0.30,0.05
4.84,-1.73,8.66,0.01,0.30,0.02
4.65,-1.18,8.81,0.03,0.30,0.02
4.63,-1.20,9.07,0.04,0.29,0.03
4.69,-1.10,8.93,0.05,0.28,0.03
4.62,-1.07,8.79,0.06,0.27,0.04
4.59,-1.13,8.57,0.05,0.27,0.04
4.54,-1.08,8.60,0.03,0.27,0.04
4.55,-1.07,8.61,0.02,0.27,0.04
4.51,-0.99,8.76,0.01,0.27,0.05
4.39,-0.97,8.51,0.03,0.28,0.05
4.31,-0.94,8.49,0.03,0.29,0.07
4.40,-0.76,8.29,0.01,0.30,0.08
4.50,-0.85,8.40,-0.01,0.31,0.10
4.39,-1.11,8.38,-0.02,0.32,0.09
4.17,-0.99,8.62,-0.03,0.32,0.10
3.98,-1.60,8.59,-0.04,0.32,0.10
4.23,-1.57,8.37,-0.02,0.34,0.09
4.31,-1.30,8.47,-0.02,0.34,0.09
4.23,-1.59,8.53,-0.01,0.36,0.09
3.97,-1.59,8.76,-0.01,0.36,0.07
3.91,-1.55,8.97,-0.00,0.36,0.07
3.76,-1.52,8.92,0.01,0.36,0.06
3.94,-1.54,9.05,0.04,0.36,0.06
3.84,-1.42,9.25,0.03,0.35,0.05
3.80,-1.31,9.21,0.02,0.35,0.05
3.62,-1.50,9.39,0.01,0.34,0.05
3.50,-1.39,9.50,0.02,0.33,0.05
3.56,-1.51,9.53,0.03,0.32,0.05
3.65,-1.60,9.38,0.03,0.31,0.04
3.59,-1.31,9.21,0.03,0.30,0.03
3.33,-1.22,9.18,0.02,0.29,0.03
3.37,-1.28,9.14,0.01,0.29,0.02
3.36,-1.30,9.41,-0.00,0.28,0.03
3.44,-1.83,9.21,0.02,0.27,0.02
3.32,-1.52,9.26,0.05,0.27,0.01
3.33,-1.47,9.06,0.05,0.26,-0.01
3.34,-1.05,9.06,0.02,0.27,0.00
3.40,-1.09,9.05,-0.01,0.28,0.00
3.18,-1.07,9.10,-0.02,0.28,0.01
3.02,-1.50,9.22,-0.01,0.28,0.01
2.95,-1.21,9.23,0.02,0.27,0.01
3.19,-0.93,9.13,0.04,0.27,0.02
3.16,-0.95,9.02,0.02,0.27,0.03
3.04,-1.20,9.20,-0.02,0.28,0.03
2.90,-1.29,9.25,-0.03,0.28,0.02
2.88,-1.12,9.49,-0.03,0.28,0.02
2.94,-1.33,9.53,-0.00,0.27,0.03
2.99,-1.11,9.39,0.02,0.26,0.03
2.92,-1.03,9.16,0.02,0.26,0.04
2.82,-1.23,9.25,0.01,0.26,0.04
2.82,-1.18,9.23,-0.00,0.26,0.04
2.76,-1.44,9.43,0.02,0.26,0.04
2.64,-1.44,9.60,0.05,0.26,0.03
2.44,-1.43,9.37,0.08,0.24,0.02
2.60,-1.06,9.21,0.08,0.24,0.03
2.82,-0.84,8.93,0.07,0.25,0.03
2.94,-0.90,8.90,0.04,0.27,0.05
2.66,-0.91,9.07,0.01,0.28,0.06
2.36,-1.22,9.27,-0.01,0.28,0.04
2.30,-0.74,9.37,-0.02,0.28,0.05
2.38,-1.01,9.21,-0.01,0.28,0.07
2.53,-1.29,9.01,-0.01,0.29,0.07
2.48,-1.28,9.04,-0.02,0.29,0.06
2.42,-1.43,8.95,-0.02,0.31,0.06
2.32,-1.35,9.22,-0.02,0.32,0.05
2.31,-1.18,9.43,-0.03,0.33,0.06
2.13,-1.44,9.67,-0.02,0.32,0.06
2.15,-1.59,9.79,0.01,0.31,0.05
2.05,-1.52,9.68,0.03,0.30,0.04
2.01,-1.47,9.51,0.05,0.29,0.03
2.21,-1.52,9.43,0.04,0.30,0.02
2.13,-1.00,9.80,0.01,0.30,0.02
1.95,-1.30,9.88,-0.01,0.30,0.02
1.74,-1.14,9.94,-0.01,0.29,0.02
1.70,-1.29,10.06,0.01,0.27,0.03
1.78,-1.34,9.90,0.03,0.25,0.03
1.92,-1.27,9.72,0.03,0.24,0.03
1.77,-1.19,9.64,0.04,0.24,0.03
1.71,-1.22,9.54,0.03,0.23,0.02
1.72,-1.03,9.61,0.02,0.24,0.03
1.73,-1.16,9.62,0.03,0.23,0.03
1.62,-1.17,9.56,0.05,0.23,0.03
1.50,-1.21,9.53,0.06,0.23,0.04
1.54,-1.11,9.40,0.04,0.24,0.04
1.68,-0.96,9.27,0.01,0.24,0.04
1.63,-1.08,9.39,-0.01,0.25,0.05
1.42,-1.29,9.32,-0.00,0.26,0.05
1.28,-1.18,9.47,0.01,0.27,0.05
1.37,-1.60,9.45,0.02,0.26,0.04
1.47,-1.24,9.13,0.04,0.27,0.04
1.48,-1.57,9.13,0.04,0.27,0.03
1.28,-1.10,9.25,0.03,0.29,0.02
1.06,-1.09,9.64,0.02,0.30,0.03
1.03,-1.21,9.68,0.03,0.29,0.04
1.17,-1.45,9.82,0.06,0.30,0.04
1.17,-1.40,9.62,0.09,0.29,0.02
1.06,-1.35,9.66,0.08,0.29,0.02
1.02,-1.33,9.58,0.06,0.29,0.01
0.99,-0.81,9.72,0.04,0.28,0.01
0.92,-0.96,9.84,0.02,0.28,0.02
0.77,-1.17,9.87,0.01,0.28,0.02
0.85,-1.30,9.79,0.02,0.28,0.01
0.79,-0.88,9.81,0.04,0.27,0.02
0.98,-1.35,9.43,0.04,0.27,0.02
0.82,-0.83,9.62,0.03,0.27,0.01
0.66,-0.88,9.77,0.01,0.27,0.02
0.55,-1.13,9.63,-0.00,0.27,0.02
0.63,-1.12,9.87,0.00,0.26,0.02
0.72,-1.29,9.73,0.04,0.26,0.03
0.62,-1.54,9.40,0.06,0.26,0.01
0.49,-1.21,9.61,0.09,0.25,0.02
0.44,-1.04,9.72,0.07,0.24,0.01
0.31,-0.91,9.78,0.06,0.25,0.01
0.39,-0.84,9.85,0.06,0.24,0.02
0.34,-1.06,9.80,0.07,0.23,0.02
0.29,-1.04,9.81,0.06,0.23,0.02
0.15,-1.32,9.87,0.04,0.22,0.01
0.30,-1.09,9.69,0.04,0.21,0.00
0.27,-1.15,9.67,0.04,0.21,-0.00
0.24,-1.15,9.75,0.06,0.20,-0.01
0.06,-1.15,9.91,0.08,0.20,-0.01
-0.04,-1.08,9.99,0.11,0.19,0.00
-0.06,-0.96,10.00,0.10,0.18,-0.01
0.11,-0.96,9.83,0.08,0.17,-0.01
0.16,-0.97,9.92,0.06,0.17,-0.03
0.04,-0.89,9.87,0.04,0.16,-0.02
-0.10,-1.06,9.82,0.04,0.15,-0.02
0.02,-0.87,9.76,0.04,0.15,-0.03
0.05,-0.83,9.63,0.04,0.15,-0.02
-0.00,-0.77,9.67,0.03,0.16,-0.01
-0.05,-0.70,9.65,0.02,0.17,-0.00
-0.16,-0.76,10.06,0.02,0.18,0.01
0.05,-0.72,10.10,-0.01,0.17,0.01
0.09,-1.01,10.26,-0.02,0.16,0.01
-0.06,-0.97,10.52,-0.03,0.14,-0.00
-0.23,-1.13,10.54,-0.03,0.12,-0.00
-0.34,-1.01,10.64,-0.01,0.09,-0.00
-0.29,-1.11,10.80,-0.02,0.06,-0.01
-0.04,-1.01,10.16,-0.00,0.04,0.00
-0.10,-1.27,10.23,0.01,0.04,-0.01
-0.19,-0.87,10.14,0.01,0.02,-0.02
-0.15,-0.83,10.28,0.03,0.01,-0.01
-0.14,-0.68,10.20,0.03,0.00,-0.01
-0.26,-0.69,10.17,0.03,-0.00,0.00
-0.29,-0.39,10.26,0.00,-0.01,0.01
-0.21,-0.62,10.29,-0.02,-0.03,0.03
-0.07,-0.89,10.00,-0.04,-0.04,0.03
0.10,-0.78,9.88,-0.05,-0.05,0.03
-0.24,-1.20,9.74,-0.04,-0.06,0.03
-0.38,-1.18,9.88,-0.04,-0.06,0.01
-0.31,-0.77,9.96,-0.02,-0.07,0.03
-0.13,-1.12,9.80,0.00,-0.08,0.02
-0.08,-0.82,9.68,0.01,-0.08,0.03
-0.16,-1.30,9.38,0.01,-0.08,0.03
-0.17,-1.07,9.52,0.00,-0.07,0.02
-0.16,-1.07,9.44,0.00,-0.07,0.02
-0.16,-0.95,9.49,0.01,-0.06,0.01
-0.11,-0.90,9.46,0.03,-0.06,0.02
-0.19,-1.00,9.46,0.03,-0.06,0.02
-0.21,-0.95,9.37,0.02,-0.05,0.02
-0.24,-0.94,9.50,-0.02,-0.05,0.02
-0.14,-0.68,9.63,-0.05,-0.04,0.02
-0.11,-0.98,9.68,-0.04,-0.04,0.02
-0.19,-1.10,9.56,-0.01,-0.05,0.03
-0.19,-1.33,9.54,0.02,-0.05,0.02
-0.17,-1.08,9.48,0.01,-0.04,0.01
0.00,-1.12,9.50,-0.00,-0.04,0.01
0.01,-1.14,9.50,-0.02,-0.04,-0.00
-0.16,-1.14,9.56,-0.01,-0.04,0.01
-0.27,-1.22,9.78,0.01,-0.04,-0.01
-0.19,-0.96,9.68,0.02,-0.04,0.00
-0.03,-1.19,9.54,0.01,-0.04,-0.01
0.00,-0.82,9.70,-0.01,-0.04,-0.01
-0.11,-1.21,9.61,-0.03,-0.04,-0.01
-0.13,-1.12,9.77,-0.02,-0.04,-0.02
-0.06,-0.98,9.73,-0.01,-0.04,-0.01
0.04,-1.01,9.73,0.00,-0.04,-0.01
0.01,-0.99,9.65,-0.00,-0.04,-0.01
-0.09,-1.02,9.69,-0.01,-0.04,-0.01
-0.06,-1.22,9.68,-0.02,-0.04,-0.02
0.06,-1.01,9.79,-0.01,-0.04,-0.02
0.06,-1.17,9.86,-0.00,-0.05,-0.03
-0.06,-1.11,9.92,0.02,-0.06,-0.03
-0.17,-1.21,9.83,0.03,-0.07,-0.03
-0.11,-1.20,9.90,0.02,-0.06,-0.04
0.10,-0.84,9.90,0.01,-0.07,-0.04
0.09,-0.95,9.91,-0.01,-0.08,-0.04
0.02,-0.90,9.79,-0.02,-0.08,-0.04
-0.08,-0.96,9.84,-0.01,-0.09,-0.04
-0.04,-0.85,9.71,-0.00,-0.09,-0.04
0.08,-1.05,9.65,-0.01,-0.09,-0.05
0.14,-0.87,9.64,-0.01,-0.09,-0.04
0.16,-1.09,9.50,-0.01,-0.08,-0.04
0.24,-0.64,9.49,-0.02,-0.08,-0.04
0.22,-1.14,9.31,-0.02,-0.07,-0.03
0.11,-0.83,9.61,-0.03,-0.07,-0.05
0.05,-0.94,9.56,-0.03,-0.07,-0.03
0.05,-1.06,9.36,-0.03,-0.07,-0.04
0.29,-0.83,9.35,-0.03,-0.06,-0.04
0.33,-0.83,9.29,-0.01,-0.05,-0.03
0.25,-0.84,9.29,0.00,-0.04,-0.03
0.10,-0.85,9.56,0.01,-0.03,-0.02
-0.06,-0.77,9.49,-0.01,-0.03,-0.02
0.19,-0.78,9.63,-0.01,-0.03,-0.01
0.40,-0.90,9.48,-0.03,-0.03,-0.01
0.41,-0.84,9.36,-0.02,-0.03,-0.01
0.29,-1.03,9.50,-0.01,-0.03,-0.01
0.07,-0.84,9.71,0.01,-0.02,-0.01
-0.11,-0.95,9.86,0.02,-0.03,0.00
0.06,-0.88,9.85,0.00,-0.03,-0.00
0.28,-0.78,9.65,-0.01,-0.03,0.01
0.23,-0.99,9.51,-0.02,-0.03,0.01
0.16,-1.20,9.68,-0.02,-0.03,0.01
0.10,-0.96,9.86,-0.01,-0.03,-0.00
0.23,-1.19,9.86,-0.00,-0.04,0.01
0.27,-1.22,9.93,-0.01,-0.04,-0.01
0.04,-1.11,9.74,-0.01,-0.05,-0.01
0.12,-1.18,9.55,-0.01,-0.05,-0.01
0.21,-0.85,9.73,-0.01,-0.04,-0.01
0.32,-0.79,9.69,-0.01,-0.05,0.00
0.29,-1.13,9.65,-0.02,-0.05,-0.01
0.28,-0.94,9.75,-0.01,-0.05,0.00
0.14,-1.40,9.60,-0.00,-0.05,-0.01
0.18,-0.95,9.75,0.01,-0.05,-0.01
0.26,-1.03,9.64,0.00,-0.05,-0.01
0.23,-1.04,9.54,-0.01,-0.05,-0.01
0.19,-1.13,9.55,-0.01,-0.05,-0.01
0.26,-1.14,9.58,-0.01,-0.05,-0.02
0.36,-0.93,9.61,-0.00,-0.05,-0.02
0.35,-1.07,9.56,0.00,-0.04,-0.01
0.27,-1.07,9.48,-0.00,-0.05,-0.01
0.18,-1.06,9.59,-0.00,-0.05,-0.02
0.26,-0.95,9.51,-0.01,-0.04,-0.01
0.41,-1.13,9.58,-0.02,-0.04,-0.02
0.28,-0.94,9.46,-0.01,-0.03,-0.02
0.21,-1.02,9.56,-0.01,-0.03,-0.02
0.34,-0.83,9.56,-0.01,-0.03,-0.01
0.29,-1.10,9.53,-0.00,-0.03,0.00
0.39,-1.17,9.70,-0.01,-0.03,-0.02
0.28,-0.89,9.71,-0.01,-0.03,-0.00
0.22,-1.36,9.70,-0.01,-0.03,-0.03
0.32,-0.89,9.55,-0.00,-0.03,-0.02
0.45,-1.04,9.50,-0.00,-0.03,-0.02
0.50,-0.90,9.52,0.01,-0.02,-0.01
0.32,-1.18,9.54,0.01,-0.02,-0.01
0.19,-0.85,9.74,0.00,-0.01,-0.02
0.24,-0.79,9.72,-0.01,-0.02,-0.01
0.41,-0.83,9.75,-0.01,-0.02,-0.00
0.36,-0.90,9.62,-0.01,-0.02,0.01
0.24,-1.02,9.58,-0.01,-0.02,0.00
0.26,-1.00,9.74,-0.02,-0.03,0.00
0.24,-1.06,9.56,-0.02,-0.02,0.01
0.36,-1.39,9.56,-0.02,-0.02,-0.00
0.37,-0.82,9.64,-0.01,-0.02,-0.00
0.45,-1.09,9.60,0.01,-0.02,0.00
0.23,-1.04,9.70,0.02,-0.02,0.00
0.26,-0.91,9.74,0.02,-0.02,0.01
0.34,-0.91,9.68,0.01,-0.03,0.01
0.42,-0.97,9.64,-0.00,-0.02,0.01
0.32,-0.87,9.62,-0.01,-0.02,0.01
0.28,-1.10,9.74,-0.02,-0.02,0.01
0.37,-1.12,9.73,-0.01,-0.03,0.01
0.50,-1.08,9.53,0.01,-0.03,0.02
0.39,-1.15,9.50,0.02,-0.02,0.01
0.35,-1.02,9.51,0.01,-0.02,0.01
0.28,-1.14,9.69,-0.01,-0.02,0.00
0.39,-1.12,9.66,-0.01,-0.02,0.00
0.38,-1.31,9.78,0.02,-0.02,-0.00
0.39,-1.20,9.65,0.04,-0.03,-0.00
0.16,-1.27,9.73,0.03,-0.03,-0.02
0.25,-0.97,9.74,0.01,-0.02,-0.01
0.47,-1.05,9.81,-0.02,-0.03,-0.02
0.45,-1.00,9.73,-0.01,-0.03,-0.02
0.36,-1.16,9.65,-0.01,-0.03,-0.01
0.20,-1.15,9.71,0.01,-0.03,-0.02
0.29,-1.04,9.59,0.01,-0.03,-0.01
0.39,-0.99,9.67,-0.00,-0.03,-0.02
0.42,-1.02,9.72,-0.02,-0.02,-0.02
0.34,-1.07,9.55,-0.02,-0.03,-0.02
0.34,-1.05,9.53,-0.02,-0.02,-0.02
0.37,-0.89,9.64,-0.01,-0.02,-0.01
0.51,-1.41,9.46,-0.01,-0.02,-0.03
0.31,-0.54,9.76,-0.01,-0.02,-0.02
0.29,-1.21,9.79,-0.01,-0.02,-0.02
0.28,-0.79,9.69,-0.00,-0.02,-0.02
0.45,-0.97,9.63,-0.00,-0.02,-0.02
0.57,-0.94,9.50,0.01,-0.02,-0.01
0.42,-1.03,9.55,0.00,-0.02,-0.01
0.32,-0.94,9.63,-0.01,-0.02,-0.01
0.39,-0.96,9.60,-0.01,-0.02,-0.01
0.49,-0.91,9.75,-0.00,-0.02,-0.01
0.45,-1.07,9.60,0.01,-0.02,-0.00
0.43,-1.20,9.60,0.00,-0.02,-0.02
0.31,-0.70,9.54,0.00,-0.02,-0.01
0.43,-1.07,9.67,-0.01,-0.01,-0.00
0.45,-0.72,9.69,-0.01,-0.02,0.00
0.41,-1.16,9.68,-0.01,-0.02,0.00
0.45,-1.13,9.69,-0.00,-0.02,-0.00
0.30,-1.21,9.62,0.00,-0.02,0.00
0.34,-1.13,9.56,-0.00,-0.02,-0.00
0.41,-1.02,9.73,-0.00,-0.02,-0.01
0.49,-0.99,9.71,0.00,-0.03,-0.00
0.44,-0.98,9.62,0.00,-0.03,-0.01
0.35,-0.94,9.59,0.01,-0.03,0.00
0.40,-0.95,9.62,0.00,-0.03,0.00
0.42,-0.98,9.51,-0.02,-0.02,0.00
0.53,-1.13,9.64,-0.01,-0.02,0.00
0.36,-1.25,9.59,0.00,-0.02,-0.00
0.31,-1.21,9.71,0.02,-0.02,-0.00
0.45,-1.20,9.68,0.03,-0.02,-0.01
0.57,-1.04,9.61,0.02,-0.02,-0.01
0.52,-1.05,9.63,0.01,-0.02,-0.01
0.39,-0.90,9.54,0.01,-0.01,-0.01
0.32,-0.91,9.68,0.00,-0.02,-0.00
0.41,-1.01,9.58,-0.00,-0.02,0.00
0.57,-1.10,9.67,-0.01,-0.02,-0.01
0.40,-1.06,9.47,-0.00,-0.02,-0.00
0.30,-1.33,9.69,-0.00,-0.01,-0.01
0.35,-0.99,9.66,-0.00,-0.02,-0.01
0.48,-1.13,9.65,0.00,-0.02,-0.00
0.49,-1.06,9.77,-0.00,-0.02,-0.02
0.40,-1.00,9.77,-0.00,-0.03,-0.01
0.27,-1.09,9.73,0.00,-0.02,-0.02
0.43,-0.86,9.73,-0.00,-0.03,-0.00
0.64,-1.22,9.45,-0.01,-0.02,-0.01
0.50,-0.90,9.83,0.00,-0.02,-0.01
0.46,-1.44,9.57,0.01,-0.02,-0.01
0.26,-0.69,9.74,0.01,-0.03,-0.01
0.40,-1.17,9.62,0.00,-0.03,-0.01
0.56,-0.83,9.65,-0.02,-0.03,-0.01
0.58,-1.09,9.48,-0.02,-0.03,-0.00
0.46,-1.00,9.44,0.00,-0.02,-0.01
0.40,-0.96,9.47,0.02,-0.02,0.01
0.47,-0.98,9.53,0.01,-0.01,-0.00
0.56,-0.73,9.61,0.00,-0.01,0.00
0.39,-0.90,9.67,-0.01,-0.01,0.00
0.36,-0.90,9.69,-0.02,-0.01,0.01
0.52,-0.99,9.61,-0.01,-0.01,0.01
0.62,-1.19,9.55,-0.00,-0.01,0.01
0.52,-1.04,9.62,0.01,-0.01,0.01
0.34,-1.02,9.60,-0.00,-0.01,0.01
0.33,-1.07,9.66,-0.01,-0.01,0.01
0.40,-0.98,9.54,-0.00,-0.01,0.02
0.47,-1.28,9.59,0.01,-0.01,0.01
0.55,-0.93,9.71,0.02,-0.01,0.01
0.48,-1.18,9.83,0.02,-0.01,0.01
0.36,-0.94,9.80,0.01,-0.02,0.01
0.44,-1.15,9.69,-0.00,-0.02,0.01
0.52,-1.08,9.77,-0.01,-0.02,-0.00
0.60,-0.98,9.69,0.00,-0.02,0.01
0.41,-1.17,9.69,0.01,-0.02,-0.00
0.37,-0.80,9.68,0.02,-0.02,0.01
0.45,-1.07,9.62,0.02,-0.02,0.01
0.50,-0.89,9.61,0.00,-0.02,0.01
0.56,-1.08,9.63,-0.01,-0.02,0.01
0.37,-1.03,9.66,-0.02,-0.01,0.00
0.36,-1.18,9.75,-0.00,-0.02,0.01
0.46,-1.13,9.78,0.02,-0.02,0.00
0.49,-0.98,9.56,0.02,-0.02,0.00
0.54,-1.10,9.71,0.01,-0.02,0.00
0.39,-1.00,9.56,0.00,-0.02,-0.00
0.38,-1.13,9.52,-0.00,-0.02,-0.00
0.54,-1.05,9.65,0.00,-0.02,-0.00
0.57,-0.99,9.60,0.01,-0.02,-0.01
0.45,-1.04,9.71,0.01,-0.02,0.00
0.41,-1.05,9.59,0.01,-0.02,-0.00
0.49,-1.01,9.62,0.00,-0.02,-0.00
0.47,-1.07,9.69,-0.01,-0.02,-0.01
0.53,-0.98,9.53,-0.00,-0.02,-0.01
0.47,-0.95,9.55,0.00,-0.02,-0.00
0.39,-1.05,9.63,0.01,-0.01,-0.00
0.56,-0.91,9.58,-0.00,-0.01,-0.00
0.67,-0.84,9.72,-0.02,-0.00,-0.00
0.51,-1.13,9.69,-0.02,-0.01,0.01
0.38,-0.92,9.59,-0.01,-0.01,-0.01
0.38,-1.01,9.54,0.00,-0.02,0.01
0.53,-0.99,9.47,-0.01,-0.01,-0.01
0.68,-0.91,9.30,-0.02,-0.00,0.01
0.57,-1.30,9.47,-0.00,0.01,0.00
0.37,-1.04,9.47,0.02,0.01,0.01
0.40,-1.07,9.57,0.03,0.01,-0.00
0.55,-0.70,9.72,0.02,0.01,0.01
0.58,-0.87,9.63,0.00,0.01,0.01
0.51,-0.88,9.57,-0.01,0.01,0.02
0.35,-1.12,9.74,-0.01,0.01,0.01
0.36,-0.98,9.85,0.00,0.01,0.01
0.51,-0.95,9.82,-0.00,0.01,0.01
0.49,-1.04,9.89,-0.00,-0.01,0.01
0.32,-1.29,9.72,-0.01,-0.01,0.00
0.35,-1.08,9.77,-0.01,-0.01,0.00
0.27,-1.07,9.72,0.00,-0.02,0.01
0.48,-0.95,9.79,0.01,-0.01,0.01
0.50,-0.90,9.79,0.00,-0.02,0.02
0.46,-1.27,9.75,-0.01,-0.03,0.00
0.39,-1.06,9.75,-0.01,-0.03,0.00
0.43,-1.12,9.64,-0.00,-0.03,0.00
0.54,-1.03,9.54,0.01,-0.03,-0.00
0.53,-0.91,9.55,0.02,-0.03,0.00
0.45,-1.04,9.49,0.00,-0.02,-0.00
0.39,-0.90,9.61,-0.01,-0.02,0.00
0.45,-1.05,9.58,-0.01,-0.01,0.01
0.57,-0.80,9.65,-0.00,-0.01,0.00
0.50,-0.97,9.66,0.01,-0.02,0.02
0.42,-1.05,9.63,0.00,-0.02,0.01
0.42,-1.06,9.58,-0.00,-0.02,0.01
0.53,-1.13,9.55,0.01,-0.01,0.01
0.56,-1.17,9.56,0.02,-0.01,0.00
0.53,-1.00,9.61,0.01,-0.01,0.00
0.40,-0.97,9.57,0.00,-0.01,0.01
0.45,-1.01,9.77,-0.00,-0.01,0.01
0.56,-0.91,9.67,-0.01,-0.01,0.01
0.59,-1.12,9.65,-0.01,-0.01,0.01
0.40,-1.18,9.72,-0.00,-0.01,0.00
0.32,-1.10,9.72,-0.01,-0.02,0.00
0.48,-1.11,9.66,-0.01,-0.01,-0.00
0.55,-0.99,9.71,-0.02,-0.02,0.00
0.54,-1.14,9.67,-0.02,-0.02,-0.00
0.42,-1.21,9.56,-0.00,-0.02,-0.01
0.41,-1.20,9.60,0.02,-0.02,-0.00
0.43,-1.09,9.66,0.01,-0.02,-0.01
0.58,-0.75,9.74,0.00,-0.02,-0.01
0.59,-0.89,9.56,-0.02,-0.02,-0.00
0.41,-0.94,9.77,-0.01,-0.02,0.01
0.45,-1.25,9.63,-0.00,-0.02,-0.01
0.43,-0.68,9.70,-0.00,-0.02,0.01
0.51,-1.31,9.59,-0.01,-0.02,-0.01
0.54,-0.91,9.44,-0.01,-0.02,-0.01
0.50,-1.40,9.50,-0.01,-0.01,-0.01
0.47,-1.02,9.47,0.01,-0.01,-0.01
0.48,-1.18,9.52,0.03,-0.00,-0.00
0.48,-0.84,9.67,0.02,-0.00,-0.01
0.40,-0.78,9.76,0.01,-0.01,0.01
0.38,-0.80,9.71,-0.00,-0.01,-0.00
0.51,-0.67,9.67,-0.02,-0.01,0.01
0.53,-1.00,9.71,-0.03,-0.02,0.01
0.54,-0.85,9.60,-0.02,-0.02,0.01
0.51,-1.24,9.61,0.00,-0.02,0.01
0.35,-1.10,9.63,0.02,-0.01,0.01
0.40,-1.14,9.59,0.02,-0.01,0.01
0.56,-0.94,9.50,0.02,-0.01,-0.00
0.57,-0.73,9.71,0.01,-0.00,0.01
0.41,-0.89,9.84,0.01,-0.01,0.01
0.33,-1.14,9.89,0.01,-0.01,0.01
0.39,-0.88,10.03,0.00,-0.02,0.02
0.64,-1.01,9.78,0.00,-0.03,0.01
0.59,-1.07,9.45,0.00,-0.03,0.01
0.46,-1.11,9.54,0.00,-0.02,0.01
0.34,-1.10,9.75,-0.01,-0.02,0.01
0.46,-0.86,9.66,-0.01,-0.02,0.01
0.54,-0.84,9.67,-0.00,-0.02,0.01
0.53,-0.99,9.76,0.01,-0.02,0.01
0.49,-1.07,9.67,0.01,-0.03,0.01
0.41,-1.15,9.76,-0.01,-0.03,0.01
0.56,-1.01,9.68,-0.02,-0.03,0.00
0.60,-1.26,9.67,-0.01,-0.03,0.01
0.53,-1.18,9.71,0.00,-0.03,-0.01
0.44,-0.98,9.59,-0.00,-0.04,-0.01
0.47,-1.07,9.55,-0.00,-0.03,-0.01
0.54,-0.82,9.67,-0.00,-0.03,-0.01
0.53,-1.05,9.83,-0.00,-0.03,-0.00
0.57,-1.05,9.69,-0.01,-0.03,-0.01
0.38,-1.11,9.59,-0.01,-0.03,-0.01
0.56,-1.01,9.61,-0.02,-0.03,-0.01
0.66,-0.98,9.48,-0.01,-0.03,-0.01
0.57,-1.07,9.57,-0.00,-0.03,-0.01
0.48,-0.98,9.61,0.01,-0.03,-0.02
0.40,-0.98,9.57,0.00,-0.03,-0.01
0.54,-0.97,9.46,-0.01,-0.02,-0.02
0.71,-0.70,9.29,-0.01,-0.01,-0.01
0.60,-1.23,9.42,0.00,-0.01,0.01
0.52,-1.09,9.49,-0.00,-0.00,-0.03
0.42,-0.74,9.67,0.01,-0.01,0.01
0.52,-1.14,9.59,0.00,-0.01,-0.02
0.69,-0.69,9.54,-0.00,-0.01,0.00
0.62,-1.26,9.56,-0.01,0.00,-0.00
0.58,-0.87,9.45,-0.00,0.01,0.00
0.57,-1.14,9.54,0.01,0.01,0.01
0.60,-0.97,9.58,0.02,0.02,-0.00
0.58,-0.87,9.68,0.01,0.01,0.00
0.45,-1.02,9.81,-0.00,0.01,0.01
0.41,-0.87,9.82,-0.01,0.01,0.01
0.51,-0.97,9.80,-0.01,0.00,0.01
0.54,-0.90,9.77,-0.00,0.00,0.01
0.58,-0.85,9.76,-0.00,-0.01,0.01
0.57,-1.11,9.70,-0.01,-0.01,0.01
0.46,-1.02,9.78,-0.02,-0.01,0.00
0.47,-1.13,9.80,-0.01,-0.01,0.02
0.56,-1.07,9.69,0.00,-0.01,0.01
0.62,-1.07,9.67,0.00,-0.02,0.00
0.46,-0.96,9.72,-0.01,-0.02,0.01
0.50,-1.16,9.77,-0.02,-0.02,0.01
0.54,-1.03,9.62,-0.01,-0.02,0.01
0.65,-1.06,9.72,-0.00,-0.02,0.01
0.58,-0.97,9.68,-0.00,-0.02,0.00
0.47,-1.08,9.67,-0.01,-0.02,0.01
0.41,-1.04,9.60,-0.01,-0.02,0.00
0.55,-1.07,9.58,-0.01,-0.02,0.01
0.65,-1.12,9.53,0.00,-0.02,0.01
0.58,-1.27,9.50,0.00,-0.02,0.00
0.42,-1.17,9.54,0.00,-0.01,-0.01
0.45,-1.00,9.62,0.00,-0.01,-0.00
0.62,-0.92,9.62,0.00,-0.01,-0.01
0.70,-0.95,9.67,-0.00,-0.02,-0.00
0.53,-1.14,9.67,-0.01,-0.02,-0.01
0.44,-1.03,9.65,-0.01,-0.02,-0.00
0.52,-1.03,9.60,-0.00,-0.02,0.00
0.62,-1.10,9.61,-0.00,-0.01,-0.00
0.60,-1.10,9.51,-0.00,-0.01,-0.00
0.51,-1.16,9.64,0.00,-0.01,-0.01
0.46,-1.02,9.65,0.01,-0.01,-0.01
0.57,-0.96,9.78,0.00,-0.01,-0.01
0.70,-0.88,9.64,-0.00,-0.01,-0.00
0.54,-1.13,9.66,-0.01,-0.02,-0.01
0.46,-1.03,9.60,-0.01,-0.01,-0.01
0.47,-1.12,9.62,-0.01,-0.01,-0.01
0.55,-1.04,9.70,-0.01,-0.02,-0.01
0.66,-0.98,9.72,-0.01,-0.02,-0.01
0.53,-0.78,9.70,-0.00,-0.01,0.00
0.50,-1.27,9.56,0.00,-0.01,0.00
0.41,-0.65,9.82,-0.01,-0.02,-0.01
0.56,-1.19,9.66,-0.02,-0.02,0.01
0.64,-1.01,9.62,-0.02,-0.02,-0.01
0.46,-1.14,9.49,-0.01,-0.01,0.01
0.53,-1.38,9.59,0.01,-0.01,-0.01
0.53,-0.90,9.57,0.01,-0.01,-0.00
0.63,-1.12,9.57,0.01,-0.01,-0.01
0.57,-0.92,9.67,-0.00,-0.01,-0.01
0.42,-1.05,9.79,-0.00,-0.01,-0.00
0.50,-0.97,9.74,0.00,-0.01,-0.00
0.51,-0.97,9.70,-0.00,-0.02,0.01
0.59,-1.15,9.70,-0.01,-0.02,0.00
0.57,-1.05,9.79,-0.01,-0.01,0.00
0.50,-1.10,9.69,-0.01,-0.01,0.00
0.39,-1.18,9.66,-0.00,-0.02,0.00
0.46,-0.99,9.65,-0.00,-0.02,-0.00
0.59,-0.95,9.60,0.00,-0.02,0.01
0.68,-1.15,9.54,-0.01,-0.02,0.00
0.52,-1.15,9.65,-0.01,-0.02,0.01
0.50,-1.30,9.70,-0.00,-0.02,-0.01
0.57,-1.08,9.67,0.02,-0.02,-0.01
0.70,-1.14,9.70,0.01,-0.02,-0.01
0.63,-0.87,9.64,0.01,-0.02,-0.01
0.52,-0.96,9.57,0.01,-0.02,0.00
0.52,-0.85,9.57,-0.01,-0.02,-0.01
0.64,-0.85,9.62,-0.01,-0.02,0.01
0.70,-1.02,9.62,-0.02,-0.02,0.01
0.57,-1.19,9.64,-0.01,-0.02,0.01
0.49,-1.23,9.63,0.00,-0.02,0.00
0.54,-1.18,9.68,0.02,-0.02,0.00
0.68,-1.05,9.49,0.02,-0.02,0.00
0.73,-1.13,9.55,0.01,-0.02,-0.00
0.58,-0.86,9.57,-0.00,-0.02,-0.00
0.47,-1.02,9.69,-0.01,-0.02,0.01
0.63,-0.99,9.59,-0.01,-0.02,0.00
0.67,-1.07,9.59,0.00,-0.01,0.00
0.64,-0.88,9.68,0.01,-0.02,0.00
0.48,-1.20,9.67,-0.00,-0.01,0.01
0.54,-0.99,9.61,-0.01,-0.01,0.00
0.64,-1.04,9.66,-0.01,-0.02,0.01
0.69,-1.21,9.60,-0.00,-0.01,0.00
0.57,-1.24,9.51,0.01,-0.01,-0.00
0.51,-1.15,9.61,0.01,-0.01,-0.00
0.52,-1.04,9.57,0.01,-0.01,0.00
0.62,-1.18,9.68,0.00,-0.01,-0.00
0.69,-0.94,9.73,-0.00,-0.01,-0.01
0.62,-0.97,9.69,-0.00,-0.01,-0.00
0.47,-0.96,9.72,-0.01,-0.01,-0.00
0.55,-0.90,9.59,-0.02,-0.01,0.00
